{
  "test_suite_info": {
    "version": "Claude Enhancer 5.1",
    "timestamp": "2025-09-26T17:00:09.976500",
    "total_duration": 4.727508544921875,
    "total_tests": 9,
    "successful_tests": 9,
    "system_info": {
      "cpu_count": 4,
      "cpu_freq": 2494.14,
      "memory_total_gb": 7.751277923583984,
      "python_version": "3.10.12 (main, Aug 15 2025, 14:32:43) [GCC 11.4.0]",
      "platform": "linux",
      "architecture": "x86_64"
    }
  },
  "performance_summary": {
    "average_operation_time_ms": 8.016981645487249,
    "total_throughput_ops_sec": 4436.322243229848,
    "peak_memory_usage_mb": 31.2890625,
    "average_cpu_usage_percent": 185.4805925925926,
    "performance_grade": "A+"
  },
  "baseline_comparisons": {
    "启动速度测试": {
      "baseline_value": 150.0,
      "current_value": 0.7833869103342295,
      "improvement_percent": 99.47774205977719,
      "improvement_description": "减少了 99.48%"
    },
    "并发处理能力测试": {
      "baseline_value": 50.0,
      "current_value": 284.57477387791255,
      "improvement_percent": 469.14954775582515,
      "improvement_description": "提升了 469.15%"
    },
    "Agent选择性能测试": {
      "baseline_value": 5.0,
      "current_value": 1.1441721472268302,
      "improvement_percent": 77.1165570554634,
      "improvement_description": "减少了 77.12%"
    },
    "内存使用效率测试": {
      "baseline_value": 80.0,
      "current_value": 0.55078125,
      "improvement_percent": 99.3115234375,
      "improvement_description": "减少了 99.31%"
    },
    "缓存效率测试": {
      "baseline_value": 60.0,
      "current_value": 100.0,
      "improvement_percent": 66.66666666666666,
      "improvement_description": "提升了 66.67%"
    },
    "错误恢复性能测试": {
      "baseline_value": 200.0,
      "current_value": 0.8566065412014723,
      "improvement_percent": 99.57169672939926,
      "improvement_description": "减少了 99.57%"
    }
  },
  "claims_verification": {
    "startup_speed_68_75_percent": {
      "claimed": 68.75,
      "actual": 99.47774205977719,
      "verified": true
    },
    "concurrent_processing_50_percent": {
      "claimed": 50.0,
      "actual": 469.14954775582515,
      "verified": true
    }
  },
  "detailed_results": [
    {
      "test_name": "启动速度测试",
      "start_time": 2947852.393620022,
      "end_time": 2947852.603750776,
      "duration": 0.0007833869103342295,
      "memory_peak_mb": 24.95703125,
      "memory_baseline_mb": 22.65234375,
      "cpu_peak_percent": 4754.4,
      "cpu_avg_percent": 154.06,
      "throughput_ops_per_sec": 951.7883330373644,
      "success_rate": 100.0,
      "iterations": 200,
      "metadata": {
        "total_duration": 0.2101307539269328,
        "min_duration": 0.0002866610884666443,
        "max_duration": 0.01002125907689333,
        "std_duration": 0.0010549791981363805,
        "p95_duration": 0.001612187922000885,
        "successful_runs": 200,
        "error_count": 0
      },
      "errors": []
    },
    {
      "test_name": "懒加载效率测试",
      "start_time": 2947852.625608253,
      "end_time": 2947852.853217137,
      "duration": 0.0010976056071619192,
      "memory_peak_mb": 25.40234375,
      "memory_baseline_mb": 24.96484375,
      "cpu_peak_percent": 3620.5,
      "cpu_avg_percent": 177.516,
      "throughput_ops_per_sec": 659.0252419831759,
      "success_rate": 100.0,
      "iterations": 150,
      "metadata": {
        "total_duration": 0.2276088842190802,
        "min_duration": 0.00039374735206365585,
        "max_duration": 0.0295019019395113,
        "std_duration": 0.0025999531463523464,
        "p95_duration": 0.0030342587269842625,
        "successful_runs": 150,
        "error_count": 0
      },
      "errors": []
    },
    {
      "test_name": "并发处理能力测试",
      "start_time": 2947852.904386536,
      "end_time": 2947853.255788028,
      "duration": 0.003068298581056297,
      "memory_peak_mb": 26.390625,
      "memory_baseline_mb": 25.33984375,
      "cpu_peak_percent": 3646.7,
      "cpu_avg_percent": 138.72899999999998,
      "throughput_ops_per_sec": 284.57477387791255,
      "success_rate": 100.0,
      "iterations": 100,
      "metadata": {
        "total_duration": 0.3514014915563166,
        "min_duration": 0.0013915509916841984,
        "max_duration": 0.009155265986919403,
        "std_duration": 0.0018452939808041384,
        "p95_duration": 0.007851245300844311,
        "successful_runs": 100,
        "error_count": 0
      },
      "errors": []
    },
    {
      "test_name": "Agent选择性能测试",
      "start_time": 2947853.281544071,
      "end_time": 2947853.805664044,
      "duration": 0.0011441721472268303,
      "memory_peak_mb": 30.4296875,
      "memory_baseline_mb": 26.37890625,
      "cpu_peak_percent": 7684.0,
      "cpu_avg_percent": 289.2973333333333,
      "throughput_ops_per_sec": 572.3880325430302,
      "success_rate": 100.0,
      "iterations": 300,
      "metadata": {
        "total_duration": 0.5241199727170169,
        "min_duration": 0.0003177090547978878,
        "max_duration": 0.03218325600028038,
        "std_duration": 0.002220280714766187,
        "p95_duration": 0.0035711804404854773,
        "successful_runs": 300,
        "error_count": 0
      },
      "errors": []
    },
    {
      "test_name": "内存使用效率测试",
      "start_time": 2947853.998279844,
      "end_time": 2947856.106902839,
      "duration": 0.0393734051566571,
      "memory_peak_mb": 30.046875,
      "memory_baseline_mb": 29.49609375,
      "cpu_peak_percent": 652.5,
      "cpu_avg_percent": 147.556,
      "throughput_ops_per_sec": 23.71215722947843,
      "success_rate": 100.0,
      "iterations": 50,
      "metadata": {
        "total_duration": 2.1086229952052236,
        "min_duration": 0.02261930424720049,
        "max_duration": 0.1339045139029622,
        "std_duration": 0.016271679510345964,
        "p95_duration": 0.06243544847238809,
        "successful_runs": 50,
        "error_count": 0
      },
      "errors": []
    },
    {
      "test_name": "缓存效率测试",
      "start_time": 2947856.127992371,
      "end_time": 2947856.252785034,
      "duration": 0.0009771266486495733,
      "memory_peak_mb": 29.890625,
      "memory_baseline_mb": 29.625,
      "cpu_peak_percent": 6609.2,
      "cpu_avg_percent": 221.90699999999998,
      "throughput_ops_per_sec": 801.329162021643,
      "success_rate": 100.0,
      "iterations": 100,
      "metadata": {
        "total_duration": 0.12479266291484237,
        "min_duration": 0.00034708715975284576,
        "max_duration": 0.018964072223752737,
        "std_duration": 0.001959749863552676,
        "p95_duration": 0.0017046903958544135,
        "successful_runs": 100,
        "error_count": 0
      },
      "errors": []
    },
    {
      "test_name": "资源扩展性测试",
      "start_time": 2947856.286219625,
      "end_time": 2947856.362144428,
      "duration": 0.003043950302526355,
      "memory_peak_mb": 30.62890625,
      "memory_baseline_mb": 29.8515625,
      "cpu_peak_percent": 653.1,
      "cpu_avg_percent": 158.67,
      "throughput_ops_per_sec": 263.4185299131007,
      "success_rate": 100.0,
      "iterations": 20,
      "metadata": {
        "total_duration": 0.0759248030371964,
        "min_duration": 0.0015034042298793793,
        "max_duration": 0.011134249158203602,
        "std_duration": 0.002225909755027249,
        "p95_duration": 0.010850684018805623,
        "successful_runs": 20,
        "error_count": 0
      },
      "errors": []
    },
    {
      "test_name": "错误恢复性能测试",
      "start_time": 2947856.404433822,
      "end_time": 2947856.464303266,
      "duration": 0.0008566065412014723,
      "memory_peak_mb": 30.828125,
      "memory_baseline_mb": 30.65234375,
      "cpu_peak_percent": 3186.1,
      "cpu_avg_percent": 172.6,
      "throughput_ops_per_sec": 835.1505653182084,
      "success_rate": 100.0,
      "iterations": 50,
      "metadata": {
        "total_duration": 0.059869443997740746,
        "min_duration": 0.00029994314536452293,
        "max_duration": 0.003027908969670534,