{
  "5_workers": {
    "total": 30,
    "success": 25,
    "failed": 5,
    "times": [
      0.020485877990722656,
      0.015647172927856445,
      0.010574102401733398,
      0.04198718070983887,
      0.009897232055664062,
      0.0046045780181884766,
      0.005812883377075195,
      0.007390260696411133,
      0.010963916778564453,
      0.04915118217468262,
      0.0058460235595703125,
      0.056067466735839844,
      0.022504568099975586,
      0.003259420394897461,
      0.0028121471405029297,
      0.0368037223815918,
      0.009570121765136719,
      0.008959054946899414,
      0.00977325439453125,
      0.009551048278808594,
      0.00768733024597168,
      0.0405278205871582,
      0.006674051284790039,
      0.0031023025512695312,
      0.0482029914855957
    ],
    "avg_time": 0.017914228439331055,
    "p95_time": 0.05399258136749267,
    "success_rate": 83.33333333333334,
    "throughput": 24.952064652534666
  },
  "10_workers": {
    "total": 30,
    "success": 23,
    "failed": 7,
    "times": [
      0.013134479522705078,
      0.01266026496887207,
      0.03601360321044922,
      0.05010199546813965,
      0.005624532699584961,
      0.06253933906555176,
      0.10088729858398438,
      0.08203601837158203,
      0.11110043525695801,
      0.018157958984375,
      0.09836077690124512,
      0.08337187767028809,
      0.028363466262817383,
      0.03955864906311035,
      0.0038521289825439453,
      0.004871845245361328,
      0.006273746490478516,
      0.02521061897277832,
      0.003701925277709961,
      0.007049083709716797,
      0.03834891319274902,
      0.009595155715942383,
      0.044592857360839844
    ],
    "avg_time": 0.03849595525990362,
    "p95_time": 0.10905780792236328,
    "success_rate": 76.66666666666667,
    "throughput": 26.094944953030637
  },
  "20_workers": {
    "total": 30,
    "success": 21,
    "failed": 9,
    "times": [
      0.012562274932861328,
      0.01515817642211914,
      0.012930154800415039,
      0.032464027404785156,
      0.02464008331298828,
      0.05177593231201172,
      0.010629892349243164,
      0.04948735237121582,
      0.05190253257751465,
      0.02706456184387207,
      0.02330327033996582,
      0.051178932189941406,
      0.013963460922241211,
      0.0671539306640625,
      0.0351412296295166,
      0.03812456130981445,
      0.056938886642456055,
      0.03503537178039551,
      0.06553101539611816,
      0.044921875,
      0.041550397872924805
    ],
    "avg_time": 0.03625990095592681,
    "p95_time": 0.06699163913726806,
    "success_rate": 70.0,
    "throughput": 26.94971742542835
  }
}