{
  "timestamp": "2025-09-23T19:30:41.876171",
  "minimal_mode": true,
  "hooks": {
    "smart_agent_selector.sh": {
      "avg_ms": 0,
      "max_ms": 0,
      "success_rate": 0
    },
    "quality_gate.sh": {
      "avg_ms": 9.318161010742188,
      "max_ms": 10.132074356079102,
      "success_rate": 100.0
    },
    "performance_monitor.sh": {
      "avg_ms": 13.398075103759766,
      "max_ms": 13.583660125732422,
      "success_rate": 100.0
    },
    "error_handler.sh": {
      "avg_ms": 8.28542709350586,
      "max_ms": 9.231805801391602,
      "success_rate": 100.0
    }
  },
  "concurrency": {
    "concurrent_5": {
      "throughput_rps": 158.64319593321886,
      "success_rate": 100.0,
      "total_time_s": 0.03151726722717285
    },
    "concurrent_10": {
      "throughput_rps": 171.20376833245575,
      "success_rate": 100.0,
      "total_time_s": 0.058409929275512695
    }
  },
  "memory": {
    "initial_memory_mb": 15.3984375,
    "final_memory_mb": 16.7265625,
    "memory_delta_mb": 1.328125,
    "cleanup_effective": true
  },
  "config": {
    "avg_load_time_ms": 118.70362758636475,
    "max_load_time_ms": 160.7654094696045,
    "success_rate": 100.0
  },
  "stability": {
    "operations": 59,
    "success_rate": 100.0,
    "duration_s": 30
  },
  "total_duration_s": 31.589276790618896
}