{
  "git_operations": {
    "git_status_traditional": {
      "average_time": 0.024301624298095702,
      "min_time": 0.02104043960571289,
      "max_time": 0.03455305099487305,
      "times": [
        0.02162337303161621,
        0.03455305099487305,
        0.02340102195739746,
        0.025913715362548828,
        0.023910045623779297,
        0.02508401870727539,
        0.02210545539855957,
        0.022541284561157227,
        0.02284383773803711,
        0.02104043960571289
      ]
    },
    "git_status_cached": {
      "average_time": 0.0020421504974365234,
      "min_time": 3.337860107421875e-06,
      "max_time": 0.020364046096801758,
      "times": [
        0.020364046096801758,
        2.6464462280273438e-05,
        5.0067901611328125e-06,
        3.814697265625e-06,
        3.5762786865234375e-06,
        4.291534423828125e-06,
        3.5762786865234375e-06,
        3.5762786865234375e-06,
        3.337860107421875e-06,
        3.814697265625e-06
      ]
    },
    "git_batch_operations": {
      "average_time": 0.00029673576354980467,
      "min_time": 0.00026798248291015625,
      "max_time": 0.00033020973205566406,
      "times": [
        0.00030803680419921875,
        0.0003046989440917969,
        0.00030159950256347656,
        0.00033020973205566406,
        0.00026798248291015625,
        0.000274658203125,
        0.0003046989440917969,
        0.0003066062927246094,
        0.0002791881561279297,
        0.00028967857360839844
      ]
    }
  },
  "cli_commands": {
    "status_command": {
      "average_time": 0.2736988067626953,
      "min_time": 0.2531106472015381,
      "max_time": 0.28590822219848633,
      "times": [
        0.2531106472015381,
        0.27875494956970215,
        0.2673985958099365,
        0.2833216190338135,
        0.28590822219848633
      ]
    },
    "hooks_list": {
      "average_time": 0.25292553901672366,
      "min_time": 0.24329710006713867,
      "max_time": 0.27018284797668457,
      "times": [
        0.24329710006713867,
        0.24627351760864258,
        0.24462127685546875,
        0.27018284797668457,
        0.2602529525756836
      ]
    },
    "parallel_status": {
      "average_time": 0.17657804489135742,
      "min_time": 0.1616363525390625,
      "max_time": 0.19644689559936523,
      "times": [
        0.1815652847290039,
        0.1616363525390625,
        0.16790080070495605,
        0.19644689559936523,
        0.17534089088439941
      ]
    }
  },
  "memory_usage": {
    "before_mb": 20.359375,
    "after_mb": 22.1015625,
    "difference_mb": 1.7421875
  },
  "summary": {},
  "git_cache_concurrent": {
    "execution_time": 0.0005707740783691406,
    "success": true
  },
  "config_concurrent": {
    "execution_time": 0.0006108283996582031,
    "success": true
  }
}